StateName,Year,index,Children 0-18,Adults 19-25,Adults 26-34,Adults 35-54,Adults 55-64,Adults 65+,Total,Footnotes
AL,2012,1,0.249,0.095,0.112,0.27,0.13,0.144,1.0,
AK,2012,2,0.27,0.106,0.129,0.278,0.134,0.085,1.0,
AZ,2012,3,0.262,0.095,0.118,0.257,0.119,0.151,1.0,
AR,2012,4,0.255,0.091,0.117,0.263,0.126,0.149,1.0,
CA,2012,5,0.258,0.103,0.127,0.277,0.115,0.121,1.0,
CO,2012,6,0.252,0.095,0.129,0.279,0.126,0.118,1.0,
CT,2012,7,0.238,0.084,0.106,0.293,0.133,0.147,1.0,
DE,2012,8,0.238,0.094,0.109,0.273,0.131,0.155,1.0,
DC,2012,9,0.192,0.108,0.207,0.266,0.111,0.116,1.0,
FL,2012,10,0.22,0.09,0.109,0.269,0.13,0.182,1.0,
GA,2012,11,0.269,0.094,0.121,0.284,0.117,0.115,1.0,
HI,2012,12,0.237,0.087,0.122,0.263,0.135,0.155,1.0,
ID,2012,13,0.281,0.095,0.116,0.254,0.123,0.132,1.0,
IL,2012,14,0.253,0.093,0.124,0.277,0.123,0.13,1.0,
IN,2012,15,0.259,0.092,0.116,0.272,0.127,0.135,1.0,
IA,2012,16,0.25,0.093,0.116,0.261,0.131,0.15,1.0,
KS,2012,17,0.267,0.095,0.12,0.26,0.125,0.134,1.0,
KY,2012,18,0.246,0.09,0.115,0.277,0.132,0.14,1.0,
LA,2012,19,0.26,0.099,0.124,0.262,0.125,0.13,1.0,
ME,2012,20,0.213,0.077,0.102,0.284,0.155,0.17,1.0,
MD,2012,21,0.244,0.09,0.122,0.287,0.128,0.129,1.0,
MA,2012,22,0.227,0.088,0.121,0.289,0.132,0.143,1.0,
MI,2012,23,0.243,0.096,0.105,0.275,0.136,0.146,1.0,
MN,2012,24,0.252,0.084,0.128,0.275,0.129,0.133,1.0,
MS,2012,25,0.271,0.098,0.112,0.261,0.124,0.134,1.0,
MO,2012,26,0.247,0.091,0.119,0.268,0.129,0.146,1.0,
MT,2012,27,0.232,0.088,0.111,0.261,0.15,0.157,1.0,
NE,2012,28,0.266,0.088,0.122,0.263,0.125,0.136,1.0,
NV,2012,29,0.252,0.093,0.126,0.277,0.122,0.131,1.0,
NH,2012,30,0.222,0.082,0.101,0.301,0.148,0.147,1.0,
NJ,2012,31,0.243,0.083,0.114,0.294,0.126,0.139,1.0,
NM,2012,32,0.266,0.09,0.119,0.255,0.13,0.141,1.0,
NY,2012,33,0.232,0.097,0.126,0.28,0.126,0.139,1.0,
NC,2012,34,0.251,0.09,0.114,0.281,0.126,0.138,1.0,
ND,2012,35,0.237,0.112,0.129,0.251,0.132,0.14,1.0,
OH,2012,36,0.244,0.089,0.111,0.274,0.135,0.146,1.0,
OK,2012,37,0.263,0.094,0.12,0.261,0.123,0.14,1.0,
OR,2012,38,0.233,0.09,0.124,0.267,0.137,0.15,1.0,
PA,2012,39,0.229,0.09,0.11,0.274,0.138,0.159,1.0,
RI,2012,40,0.223,0.098,0.113,0.281,0.134,0.15,1.0,
SC,2012,41,0.247,0.092,0.112,0.269,0.132,0.148,1.0,
SD,2012,42,0.261,0.091,0.119,0.251,0.136,0.141,1.0,
TN,2012,43,0.246,0.09,0.116,0.276,0.13,0.142,1.0,
TX,2012,44,0.286,0.099,0.128,0.271,0.109,0.109,1.0,
UT,2012,45,0.324,0.113,0.142,0.234,0.092,0.095,1.0,
VT,2012,46,0.21,0.088,0.103,0.28,0.157,0.161,1.0,
VA,2012,47,0.245,0.09,0.123,0.285,0.126,0.132,1.0,
WA,2012,48,0.243,0.092,0.126,0.277,0.131,0.132,1.0,
WV,2012,49,0.219,0.087,0.106,0.27,0.151,0.167,1.0,
WI,2012,50,0.244,0.088,0.116,0.276,0.134,0.142,1.0,
WY,2012,51,0.249,0.093,0.129,0.259,0.14,0.13,1.0,
PR,2012,52,0.248,0.101,0.111,0.261,0.12,0.158,1.0,
AL,2008,54,0.258,0.095,0.113,0.282,0.118,0.135,1.0,
AK,2008,55,0.282,0.113,0.122,0.289,0.12,0.074,1.0,
AZ,2008,56,0.279,0.09,0.126,0.266,0.105,0.134,1.0,
AR,2008,57,0.263,0.09,0.114,0.276,0.117,0.141,1.0,
CA,2008,58,0.272,0.101,0.126,0.288,0.102,0.112,1.0,
CO,2008,59,0.259,0.093,0.132,0.3,0.113,0.103,1.0,
CT,2008,60,0.249,0.082,0.102,0.314,0.119,0.134,1.0,
DE,2008,61,0.257,0.09,0.109,0.288,0.121,0.136,1.0,
DC,2008,62,0.209,0.111,0.161,0.285,0.115,0.118,1.0,
FL,2008,63,0.233,0.085,0.108,0.281,0.119,0.174,1.0,
GA,2008,64,0.281,0.091,0.124,0.298,0.106,0.101,1.0,
HI,2008,65,0.241,0.096,0.109,0.283,0.12,0.152,1.0,
ID,2008,66,0.289,0.096,0.121,0.267,0.112,0.115,1.0,
IL,2008,67,0.264,0.095,0.123,0.291,0.108,0.12,1.0,
IN,2008,68,0.264,0.086,0.12,0.291,0.114,0.125,1.0,
IA,2008,69,0.251,0.097,0.108,0.285,0.118,0.142,1.0,
KS,2008,70,0.265,0.097,0.117,0.28,0.112,0.128,1.0,
KY,2008,71,0.251,0.084,0.119,0.297,0.12,0.129,1.0,
LA,2008,72,0.269,0.101,0.115,0.28,0.116,0.12,1.0,
ME,2008,73,0.223,0.075,0.1,0.317,0.136,0.151,1.0,
MD,2008,74,0.254,0.091,0.113,0.305,0.116,0.121,1.0,
MA,2008,75,0.238,0.091,0.116,0.309,0.118,0.129,1.0,
MI,2008,76,0.257,0.09,0.111,0.296,0.119,0.128,1.0,
MN,2008,77,0.255,0.093,0.118,0.301,0.114,0.119,1.0,
MS,2008,78,0.281,0.095,0.112,0.277,0.112,0.123,1.0,
MO,2008,79,0.255,0.093,0.117,0.287,0.117,0.133,1.0,
MT,2008,80,0.256,0.095,0.106,0.279,0.127,0.137,1.0,
NE,2008,81,0.272,0.092,0.118,0.278,0.111,0.128,1.0,
NV,2008,82,0.27,0.085,0.128,0.288,0.113,0.115,1.0,
NH,2008,83,0.237,0.08,0.106,0.324,0.129,0.124,1.0,
NJ,2008,84,0.252,0.085,0.11,0.311,0.113,0.129,1.0,
NM,2008,85,0.271,0.097,0.116,0.27,0.115,0.132,1.0,
NY,2008,86,0.243,0.095,0.116,0.299,0.116,0.131,1.0,
NC,2008,87,0.261,0.085,0.119,0.295,0.117,0.123,1.0,
ND,2008,88,0.235,0.12,0.115,0.265,0.128,0.137,1.0,
OH,2008,89,0.254,0.087,0.114,0.292,0.119,0.134,1.0,
OK,2008,90,0.268,0.095,0.12,0.27,0.115,0.133,1.0,
OR,2008,91,0.243,0.09,0.124,0.285,0.126,0.132,1.0,
PA,2008,92,0.238,0.086,0.105,0.299,0.123,0.149,1.0,
RI,2008,93,0.231,0.098,0.107,0.307,0.119,0.139,1.0,
SC,2008,94,0.256,0.089,0.111,0.286,0.125,0.133,1.0,
SD,2008,95,0.271,0.085,0.106,0.282,0.115,0.141,1.0,
TN,2008,96,0.251,0.086,0.119,0.294,0.121,0.129,1.0,
TX,2008,97,0.296,0.097,0.128,0.281,0.099,0.1,1.0,
UT,2008,98,0.329,0.123,0.141,0.235,0.083,0.089,1.0,
VT,2008,99,0.222,0.084,0.102,0.319,0.135,0.139,1.0,
VA,2008,100,0.255,0.089,0.114,0.302,0.118,0.122,1.0,
WA,2008,101,0.252,0.087,0.123,0.298,0.121,0.119,1.0,
WV,2008,102,0.222,0.084,0.112,0.291,0.138,0.153,1.0,
WI,2008,103,0.248,0.092,0.113,0.299,0.118,0.13,1.0,
WY,2008,104,0.262,0.094,0.116,0.284,0.122,0.123,1.0,
PR,2008,105,0.264,0.101,0.122,0.263,0.114,0.136,1.0,
AL,2017,107,0.24,0.091,0.113,0.255,0.136,0.165,1.0,
AK,2017,108,0.271,0.09,0.138,0.259,0.13,0.113,1.0,
AZ,2017,109,0.247,0.093,0.119,0.245,0.123,0.173,1.0,
AR,2017,110,0.251,0.091,0.113,0.25,0.13,0.165,1.0,
CA,2017,111,0.242,0.096,0.135,0.266,0.122,0.14,1.0,
CO,2017,112,0.238,0.09,0.139,0.266,0.128,0.14,1.0,
CT,2017,113,0.222,0.086,0.114,0.267,0.147,0.166,1.0,
DE,2017,114,0.224,0.084,0.119,0.249,0.143,0.183,1.0,
DC,2017,115,0.191,0.098,0.215,0.269,0.104,0.124,1.0,
FL,2017,116,0.213,0.083,0.114,0.254,0.135,0.202,1.0,
GA,2017,117,0.258,0.09,0.12,0.272,0.124,0.136,1.0,
HI,2017,118,0.231,0.074,0.125,0.252,0.134,0.184,1.0,
ID,2017,119,0.273,0.089,0.113,0.244,0.126,0.154,1.0,
IL,2017,120,0.241,0.089,0.124,0.263,0.132,0.15,1.0,
IN,2017,121,0.25,0.092,0.117,0.256,0.133,0.153,1.0,
IA,2017,122,0.248,0.09,0.115,0.248,0.136,0.164,1.0,
KS,2017,123,0.26,0.094,0.117,0.244,0.132,0.153,1.0,
KY,2017,124,0.242,0.088,0.114,0.26,0.137,0.159,1.0,
LA,2017,125,0.255,0.094,0.121,0.251,0.131,0.149,1.0,
ME,2017,126,0.201,0.071,0.11,0.258,0.161,0.199,1.0,
MD,2017,127,0.236,0.085,0.123,0.271,0.137,0.149,1.0,
MA,2017,128,0.216,0.086,0.131,0.267,0.139,0.162,1.0,
MI,2017,129,0.23,0.092,0.114,0.253,0.143,0.167,1.0,
MN,2017,130,0.244,0.085,0.124,0.259,0.137,0.152,1.0,
MS,2017,131,0.259,0.095,0.105,0.254,0.131,0.156,1.0,
MO,2017,132,0.241,0.086,0.122,0.25,0.137,0.164,1.0,
MT,2017,133,0.225,0.093,0.113,0.241,0.148,0.181,1.0,
NE,2017,134,0.26,0.09,0.124,0.244,0.131,0.152,1.0,
NV,2017,135,0.239,0.087,0.127,0.268,0.125,0.155,1.0,
NH,2017,136,0.204,0.081,0.114,0.267,0.161,0.175,1.0,
NJ,2017,137,0.233,0.083,0.116,0.274,0.137,0.156,1.0,
NM,2017,138,0.25,0.094,0.116,0.236,0.135,0.169,1.0,
NY,2017,139,0.221,0.091,0.132,0.264,0.133,0.159,1.0,
NC,2017,140,0.241,0.085,0.117,0.267,0.131,0.16,1.0,
ND,2017,141,0.244,0.104,0.136,0.237,0.135,0.146,1.0,
OH,2017,142,0.237,0.087,0.118,0.253,0.141,0.165,1.0,
OK,2017,143,0.262,0.09,0.122,0.246,0.128,0.153,1.0,
OR,2017,144,0.222,0.085,0.129,0.259,0.134,0.171,1.0,
PA,2017,145,0.222,0.083,0.118,0.255,0.145,0.177,1.0,
RI,2017,146,0.212,0.093,0.124,0.259,0.145,0.167,1.0,
SC,2017,147,0.233,0.086,0.114,0.256,0.136,0.175,1.0,
SD,2017,148,0.256,0.086,0.124,0.235,0.137,0.162,1.0,
TN,2017,149,0.239,0.086,0.121,0.261,0.134,0.159,1.0,
TX,2017,150,0.277,0.095,0.13,0.262,0.114,0.122,1.0,
UT,2017,151,0.315,0.107,0.131,0.242,0.097,0.108,1.0,
VT,2017,152,0.2,0.087,0.109,0.253,0.16,0.19,1.0,
VA,2017,153,0.237,0.088,0.121,0.269,0.133,0.153,1.0,
WA,2017,154,0.235,0.087,0.133,0.262,0.131,0.151,1.0,
WV,2017,155,0.219,0.084,0.101,0.255,0.148,0.194,1.0,
WI,2017,156,0.234,0.088,0.114,0.255,0.144,0.165,1.0,
WY,2017,157,0.253,0.086,0.123,0.236,0.145,0.157,1.0,
PR,2017,158,0.212,0.099,0.104,0.257,0.13,0.198,1.0,
AL,2021,160,0.236,0.087,0.113,0.251,0.137,0.177,1.0,
AK,2021,161,0.264,0.085,0.132,0.258,0.125,0.137,1.0,
AZ,2021,162,0.236,0.088,0.123,0.245,0.122,0.186,1.0,
AR,2021,163,0.246,0.087,0.115,0.247,0.13,0.174,1.0,
CA,2021,164,0.236,0.087,0.134,0.266,0.123,0.153,1.0,
CO,2021,165,0.227,0.086,0.141,0.27,0.123,0.153,1.0,
CT,2021,166,0.216,0.083,0.114,0.259,0.147,0.18,1.0,
DE,2021,167,0.218,0.078,0.113,0.243,0.147,0.201,1.0,
DC,2021,168,0.198,0.079,0.21,0.278,0.103,0.132,1.0,
FL,2021,169,0.208,0.077,0.112,0.251,0.139,0.213,1.0,
GA,2021,170,0.25,0.086,0.122,0.266,0.126,0.149,1.0,
HI,2021,171,0.226,0.071,0.115,0.252,0.132,0.204,1.0,
ID,2021,172,0.261,0.086,0.117,0.248,0.121,0.167,1.0,
IL,2021,173,0.235,0.085,0.121,0.262,0.132,0.166,1.0,
IN,2021,174,0.246,0.089,0.119,0.251,0.131,0.164,1.0,
IA,2021,175,0.244,0.089,0.112,0.244,0.134,0.177,1.0,
KS,2021,176,0.254,0.091,0.113,0.245,0.13,0.166,1.0,
KY,2021,177,0.237,0.087,0.116,0.252,0.136,0.172,1.0,
LA,2021,178,0.248,0.089,0.117,0.249,0.13,0.167,1.0,
ME,2021,179,0.19,0.068,0.113,0.253,0.158,0.218,1.0,
MD,2021,180,0.234,0.078,0.12,0.265,0.139,0.164,1.0,
MA,2021,181,0.21,0.082,0.13,0.261,0.142,0.176,1.0,
MI,2021,182,0.226,0.088,0.118,0.245,0.141,0.182,1.0,
MN,2021,183,0.241,0.082,0.119,0.257,0.134,0.168,1.0,
MS,2021,184,0.252,0.09,0.107,0.252,0.13,0.171,1.0,
MO,2021,185,0.239,0.083,0.118,0.248,0.136,0.176,1.0,
MT,2021,186,0.222,0.089,0.115,0.238,0.138,0.198,1.0,
NE,2021,187,0.26,0.088,0.118,0.245,0.125,0.164,1.0,
NV,2021,188,0.233,0.081,0.129,0.265,0.126,0.167,1.0,
NH,2021,189,0.198,0.076,0.119,0.254,0.16,0.193,1.0,
NJ,2021,190,0.23,0.079,0.117,0.266,0.14,0.168,1.0,
NM,2021,191,0.241,0.084,0.116,0.242,0.131,0.187,1.0,
NY,2021,192,0.219,0.081,0.129,0.258,0.138,0.175,1.0,
NC,2021,193,0.234,0.083,0.117,0.261,0.133,0.173,1.0,
ND,2021,194,0.253,0.098,0.126,0.239,0.124,0.16,1.0,
OH,2021,195,0.234,0.084,0.119,0.248,0.137,0.178,1.0,
OK,2021,196,0.256,0.09,0.117,0.249,0.124,0.163,1.0,
OR,2021,197,0.211,0.082,0.127,0.266,0.126,0.187,1.0,
PA,2021,198,0.219,0.077,0.12,0.25,0.143,0.19,1.0,
RI,2021,199,0.205,0.085,0.125,0.255,0.147,0.183,1.0,
SC,2021,200,0.23,0.082,0.114,0.249,0.137,0.189,1.0,
SD,2021,201,0.26,0.09,0.11,0.231,0.135,0.175,1.0,
TN,2021,202,0.232,0.085,0.122,0.256,0.134,0.171,1.0,
TX,2021,203,0.268,0.091,0.13,0.264,0.114,0.133,1.0,
UT,2021,204,0.3,0.108,0.132,0.25,0.094,0.117,1.0,
VT,2021,205,0.193,0.082,0.11,0.25,0.156,0.209,1.0,
VA,2021,206,0.234,0.083,0.119,0.264,0.134,0.167,1.0,
WA,2021,207,0.228,0.082,0.136,0.265,0.126,0.163,1.0,
WV,2021,208,0.212,0.083,0.101,0.252,0.143,0.209,1.0,
WI,2021,209,0.228,0.085,0.114,0.249,0.144,0.179,1.0,
WY,2021,210,0.24,0.085,0.104,0.258,0.132,0.181,1.0,
PR,2021,211,0.181,0.098,0.108,0.25,0.136,0.227,1.0,
AL,2022,213,0.233,0.088,0.117,0.249,0.132,0.181,1.0,
AK,2022,214,0.255,0.088,0.134,0.253,0.13,0.139,1.0,
AZ,2022,215,0.23,0.095,0.123,0.243,0.12,0.19,1.0,
AR,2022,216,0.243,0.092,0.111,0.249,0.127,0.177,1.0,
CA,2022,217,0.231,0.089,0.134,0.266,0.122,0.159,1.0,
CO,2022,218,0.221,0.09,0.142,0.27,0.12,0.158,1.0,
CT,2022,219,0.216,0.083,0.115,0.258,0.145,0.184,1.0,
DE,2022,220,0.217,0.074,0.118,0.237,0.143,0.211,1.0,
DC,2022,221,0.198,0.089,0.198,0.284,0.096,0.134,1.0,
FL,2022,222,0.204,0.08,0.113,0.251,0.137,0.216,1.0,
GA,2022,223,0.246,0.092,0.121,0.265,0.125,0.151,1.0,
HI,2022,224,0.219,0.072,0.111,0.258,0.128,0.212,1.0,
ID,2022,225,0.257,0.09,0.116,0.249,0.118,0.171,1.0,
IL,2022,226,0.229,0.088,0.123,0.26,0.129,0.171,1.0,
IN,2022,227,0.243,0.092,0.119,0.249,0.128,0.168,1.0,
IA,2022,228,0.24,0.089,0.116,0.244,0.129,0.182,1.0,
KS,2022,229,0.252,0.094,0.114,0.244,0.124,0.173,1.0,
KY,2022,230,0.236,0.088,0.117,0.251,0.133,0.175,1.0,
LA,2022,231,0.247,0.087,0.117,0.25,0.129,0.17,1.0,
ME,2022,232,0.186,0.069,0.113,0.251,0.156,0.225,1.0,
MD,2022,233,0.233,0.08,0.118,0.264,0.136,0.169,1.0,
MA,2022,234,0.205,0.086,0.128,0.259,0.14,0.181,1.0,
MI,2022,235,0.221,0.091,0.118,0.245,0.138,0.187,1.0,
MN,2022,236,0.236,0.086,0.121,0.254,0.132,0.171,1.0,
MS,2022,237,0.248,0.091,0.108,0.252,0.126,0.176,1.0,
MO,2022,238,0.234,0.088,0.119,0.248,0.132,0.18,1.0,
MT,2022,239,0.223,0.087,0.116,0.242,0.131,0.201,1.0,
NE,2022,240,0.255,0.09,0.115,0.249,0.121,0.169,1.0,
NV,2022,241,0.229,0.083,0.128,0.266,0.124,0.171,1.0,
NH,2022,242,0.191,0.076,0.122,0.251,0.16,0.201,1.0,
NJ,2022,243,0.228,0.081,0.116,0.265,0.137,0.173,1.0,
NM,2022,244,0.229,0.092,0.114,0.246,0.125,0.194,1.0,
NY,2022,245,0.213,0.085,0.128,0.256,0.136,0.181,1.0,
NC,2022,246,0.23,0.086,0.119,0.258,0.131,0.176,1.0,
ND,2022,247,0.242,0.099,0.131,0.241,0.12,0.167,1.0,
OH,2022,248,0.231,0.085,0.119,0.248,0.134,0.183,1.0,
OK,2022,249,0.254,0.09,0.121,0.25,0.12,0.166,1.0,
OR,2022,250,0.208,0.083,0.128,0.267,0.123,0.193,1.0,
PA,2022,251,0.216,0.08,0.119,0.249,0.14,0.196,1.0,
RI,2022,252,0.2,0.085,0.129,0.251,0.145,0.19,1.0,
SC,2022,253,0.226,0.084,0.112,0.25,0.135,0.193,1.0,
SD,2022,254,0.256,0.08,0.115,0.236,0.132,0.181,1.0,
TN,2022,255,0.23,0.088,0.123,0.255,0.132,0.173,1.0,
TX,2022,256,0.264,0.095,0.129,0.265,0.111,0.135,1.0,
UT,2022,257,0.292,0.114,0.131,0.25,0.093,0.12,1.0,
VT,2022,258,0.193,0.077,0.115,0.249,0.15,0.217,1.0,
VA,2022,259,0.232,0.086,0.118,0.261,0.132,0.172,1.0,
WA,2022,260,0.223,0.084,0.136,0.267,0.122,0.169,1.0,
WV,2022,261,0.212,0.083,0.104,0.249,0.139,0.214,1.0,
WI,2022,262,0.224,0.087,0.115,0.247,0.141,0.187,1.0,
WY,2022,263,0.241,0.076,0.114,0.254,0.129,0.187,1.0,
PR,2022,264,0.175,0.093,0.111,0.25,0.137,0.234,1.0,
AL,2016,266,0.241,0.09,0.115,0.258,0.135,0.161,1.0,
AK,2016,267,0.272,0.102,0.142,0.251,0.132,0.103,1.0,
AZ,2016,268,0.249,0.094,0.118,0.246,0.121,0.172,1.0,
AR,2016,269,0.253,0.091,0.113,0.251,0.129,0.163,1.0,
CA,2016,270,0.245,0.098,0.133,0.267,0.121,0.137,1.0,
CO,2016,271,0.241,0.093,0.135,0.268,0.128,0.135,1.0,
CT,2016,272,0.225,0.088,0.11,0.272,0.145,0.16,1.0,
DE,2016,273,0.228,0.081,0.121,0.253,0.141,0.176,1.0,
DC,2016,274,0.192,0.102,0.211,0.27,0.107,0.119,1.0,
FL,2016,275,0.213,0.085,0.113,0.255,0.134,0.2,1.0,
GA,2016,276,0.261,0.091,0.121,0.273,0.122,0.133,1.0,
HI,2016,277,0.232,0.082,0.123,0.254,0.135,0.175,1.0,
ID,2016,278,0.274,0.088,0.118,0.242,0.124,0.153,1.0,
IL,2016,279,0.242,0.09,0.125,0.267,0.131,0.145,1.0,
IN,2016,280,0.252,0.094,0.115,0.257,0.133,0.149,1.0,
IA,2016,281,0.244,0.091,0.116,0.251,0.135,0.163,1.0,
KS,2016,282,0.262,0.096,0.116,0.248,0.13,0.148,1.0,
KY,2016,283,0.242,0.09,0.113,0.263,0.137,0.155,1.0,
LA,2016,284,0.255,0.093,0.126,0.252,0.13,0.145,1.0,
ME,2016,285,0.205,0.072,0.107,0.263,0.161,0.193,1.0,
MD,2016,286,0.238,0.085,0.124,0.274,0.134,0.146,1.0,
MA,2016,287,0.218,0.089,0.127,0.27,0.138,0.158,1.0,
MI,2016,288,0.232,0.094,0.113,0.257,0.143,0.162,1.0,
MN,2016,289,0.245,0.085,0.124,0.261,0.136,0.149,1.0,
MS,2016,290,0.262,0.094,0.109,0.255,0.129,0.151,1.0,
MO,2016,291,0.244,0.087,0.118,0.256,0.137,0.159,1.0,
MT,2016,292,0.232,0.092,0.108,0.239,0.151,0.178,1.0,
NE,2016,293,0.259,0.094,0.119,0.25,0.129,0.149,1.0,
NV,2016,294,0.242,0.089,0.127,0.266,0.125,0.151,1.0,
NH,2016,295,0.21,0.082,0.108,0.273,0.158,0.169,1.0,
NJ,2016,296,0.236,0.085,0.115,0.277,0.135,0.152,1.0,
NM,2016,297,0.248,0.093,0.118,0.243,0.134,0.165,1.0,
NY,2016,298,0.223,0.093,0.131,0.268,0.132,0.153,1.0,
NC,2016,299,0.242,0.087,0.115,0.27,0.131,0.155,1.0,
ND,2016,300,0.243,0.107,0.135,0.241,0.131,0.144,1.0,
OH,2016,301,0.238,0.087,0.116,0.256,0.141,0.161,1.0,
OK,2016,302,0.263,0.092,0.122,0.246,0.127,0.15,1.0,
OR,2016,303,0.223,0.088,0.127,0.258,0.136,0.169,1.0,
PA,2016,304,0.222,0.084,0.119,0.257,0.145,0.173,1.0,
RI,2016,305,0.213,0.096,0.12,0.263,0.145,0.164,1.0,
SC,2016,306,0.237,0.087,0.116,0.256,0.136,0.169,1.0,
SD,2016,307,0.263,0.088,0.123,0.233,0.137,0.157,1.0,
TN,2016,308,0.24,0.088,0.118,0.265,0.132,0.157,1.0,
TX,2016,309,0.279,0.097,0.13,0.262,0.113,0.12,1.0,
UT,2016,310,0.321,0.108,0.131,0.238,0.097,0.105,1.0,
VT,2016,311,0.204,0.085,0.106,0.261,0.159,0.186,1.0,
VA,2016,312,0.239,0.088,0.121,0.272,0.133,0.149,1.0,
WA,2016,313,0.236,0.089,0.13,0.264,0.132,0.149,1.0,
WV,2016,314,0.217,0.085,0.104,0.258,0.148,0.188,1.0,
WI,2016,315,0.234,0.09,0.115,0.258,0.144,0.16,1.0,
WY,2016,316,0.255,0.089,0.121,0.245,0.141,0.15,1.0,
PR,2016,317,0.219,0.099,0.107,0.258,0.128,0.189,1.0,
AL,2009,319,0.257,0.093,0.116,0.277,0.12,0.137,1.0,
AK,2009,320,0.291,0.103,0.122,0.291,0.117,0.077,1.0,
AZ,2009,321,0.277,0.092,0.129,0.263,0.108,0.132,1.0,
AR,2009,322,0.262,0.09,0.118,0.272,0.12,0.14,1.0,
CA,2009,323,0.271,0.098,0.129,0.285,0.106,0.112,1.0,
CO,2009,324,0.261,0.094,0.13,0.294,0.116,0.106,1.0,
CT,2009,325,0.247,0.084,0.106,0.306,0.122,0.135,1.0,
DE,2009,326,0.247,0.085,0.12,0.284,0.123,0.142,1.0,
DC,2009,327,0.208,0.107,0.17,0.283,0.116,0.116,1.0,
FL,2009,328,0.233,0.088,0.111,0.276,0.119,0.173,1.0,
GA,2009,329,0.283,0.092,0.123,0.291,0.108,0.103,1.0,
HI,2009,330,0.243,0.085,0.122,0.276,0.126,0.147,1.0,
ID,2009,331,0.289,0.102,0.116,0.26,0.115,0.118,1.0,
IL,2009,332,0.261,0.094,0.125,0.287,0.112,0.121,1.0,
IN,2009,333,0.263,0.092,0.118,0.284,0.117,0.126,1.0,
IA,2009,334,0.253,0.093,0.114,0.275,0.122,0.143,1.0,
KS,2009,335,0.266,0.102,0.116,0.275,0.115,0.126,1.0,
KY,2009,336,0.251,0.09,0.12,0.288,0.122,0.13,1.0,
LA,2009,337,0.268,0.101,0.122,0.273,0.115,0.121,1.0,
ME,2009,338,0.218,0.08,0.102,0.304,0.143,0.154,1.0,
MD,2009,339,0.253,0.091,0.116,0.301,0.119,0.121,1.0,
MA,2009,340,0.234,0.089,0.117,0.307,0.122,0.132,1.0,
MI,2009,341,0.25,0.094,0.107,0.293,0.124,0.132,1.0,
MN,2009,342,0.254,0.092,0.121,0.292,0.118,0.123,1.0,
MS,2009,343,0.28,0.097,0.117,0.267,0.114,0.126,1.0,
MO,2009,344,0.256,0.093,0.116,0.282,0.119,0.135,1.0,
MT,2009,345,0.242,0.097,0.11,0.274,0.136,0.143,1.0,
NE,2009,346,0.262,0.102,0.119,0.271,0.114,0.132,1.0,
NV,2009,347,0.271,0.087,0.131,0.281,0.113,0.116,1.0,
NH,2009,348,0.233,0.088,0.099,0.317,0.131,0.132,1.0,
NJ,2009,349,0.25,0.083,0.113,0.305,0.117,0.132,1.0,
NM,2009,350,0.274,0.097,0.118,0.261,0.119,0.131,1.0,
NY,2009,351,0.241,0.092,0.121,0.295,0.119,0.132,1.0,
NC,2009,352,0.26,0.09,0.116,0.289,0.118,0.126,1.0,
ND,2009,353,0.238,0.121,0.113,0.266,0.119,0.143,1.0,
OH,2009,354,0.251,0.087,0.115,0.289,0.123,0.135,1.0,
OK,2009,355,0.268,0.099,0.119,0.265,0.115,0.134,1.0,
OR,2009,356,0.242,0.091,0.124,0.278,0.131,0.134,1.0,
PA,2009,357,0.235,0.086,0.11,0.292,0.126,0.151,1.0,
RI,2009,358,0.233,0.086,0.117,0.298,0.124,0.142,1.0,
SC,2009,359,0.254,0.089,0.116,0.279,0.126,0.136,1.0,
SD,2009,360,0.264,0.098,0.113,0.262,0.124,0.139,1.0,
TN,2009,361,0.252,0.088,0.119,0.287,0.122,0.131,1.0,
TX,2009,362,0.296,0.098,0.13,0.275,0.1,0.101,1.0,
UT,2009,363,0.329,0.121,0.142,0.234,0.085,0.09,1.0,
VT,2009,364,0.22,0.095,0.1,0.299,0.142,0.143,1.0,
VA,2009,365,0.254,0.092,0.117,0.295,0.119,0.122,1.0,
WA,2009,366,0.251,0.091,0.125,0.289,0.123,0.12,1.0,
WV,2009,367,0.224,0.086,0.112,0.283,0.14,0.156,1.0,
WI,2009,368,0.246,0.094,0.114,0.292,0.122,0.132,1.0,
WY,2009,369,0.251,0.099,0.12,0.278,0.129,0.122,1.0,
PR,2009,370,0.258,0.101,0.122,0.264,0.115,0.141,1.0,
AL,2010,372,0.254,0.094,0.113,0.276,0.126,0.138,1.0,
AK,2010,373,0.287,0.094,0.125,0.292,0.125,0.077,1.0,
AZ,2010,374,0.27,0.093,0.119,0.261,0.116,0.14,1.0,
AR,2010,375,0.26,0.091,0.111,0.27,0.124,0.143,1.0,
CA,2010,376,0.265,0.101,0.127,0.282,0.111,0.114,1.0,
CO,2010,377,0.259,0.093,0.128,0.289,0.122,0.109,1.0,
CT,2010,378,0.244,0.082,0.104,0.303,0.128,0.14,1.0,
DE,2010,379,0.245,0.092,0.112,0.281,0.128,0.143,1.0,
DC,2010,380,0.184,0.132,0.186,0.27,0.109,0.118,1.0,
FL,2010,381,0.227,0.089,0.106,0.277,0.127,0.175,1.0,
GA,2010,382,0.274,0.094,0.12,0.291,0.114,0.107,1.0,
HI,2010,383,0.24,0.088,0.11,0.278,0.135,0.149,1.0,
ID,2010,384,0.289,0.094,0.119,0.257,0.116,0.125,1.0,
IL,2010,385,0.259,0.091,0.125,0.284,0.117,0.124,1.0,
IN,2010,386,0.263,0.091,0.115,0.281,0.122,0.128,1.0,
IA,2010,387,0.252,0.091,0.114,0.272,0.126,0.145,1.0,
KS,2010,388,0.272,0.093,0.115,0.27,0.12,0.131,1.0,
KY,2010,389,0.249,0.09,0.117,0.284,0.128,0.132,1.0,
LA,2010,390,0.264,0.101,0.121,0.27,0.121,0.122,1.0,
ME,2010,391,0.218,0.077,0.1,0.299,0.149,0.158,1.0,
MD,2010,392,0.248,0.091,0.118,0.297,0.124,0.123,1.0,
MA,2010,393,0.232,0.089,0.118,0.298,0.127,0.137,1.0,
MI,2010,394,0.251,0.09,0.106,0.286,0.13,0.137,1.0,
MN,2010,395,0.255,0.086,0.123,0.287,0.122,0.126,1.0,
MS,2010,396,0.274,0.093,0.112,0.271,0.121,0.129,1.0,
MO,2010,397,0.252,0.092,0.114,0.279,0.124,0.139,1.0,
MT,2010,398,0.243,0.083,0.111,0.27,0.144,0.15,1.0,
NE,2010,399,0.265,0.092,0.122,0.268,0.121,0.132,1.0,
NV,2010,400,0.261,0.091,0.127,0.281,0.119,0.122,1.0,
NH,2010,401,0.232,0.078,0.099,0.315,0.141,0.135,1.0,
NJ,2010,402,0.248,0.082,0.113,0.301,0.121,0.134,1.0,
NM,2010,403,0.267,0.096,0.11,0.265,0.128,0.134,1.0,
NY,2010,404,0.237,0.095,0.123,0.289,0.122,0.134,1.0,
NC,2010,405,0.256,0.089,0.116,0.287,0.123,0.13,1.0,
ND,2010,406,0.241,0.108,0.12,0.265,0.126,0.141,1.0,
OH,2010,407,0.25,0.086,0.111,0.284,0.129,0.139,1.0,
OK,2010,408,0.268,0.092,0.119,0.267,0.12,0.135,1.0,
OR,2010,409,0.239,0.09,0.123,0.274,0.136,0.139,1.0,
PA,2010,410,0.235,0.088,0.107,0.285,0.132,0.154,1.0,
RI,2010,411,0.229,0.098,0.106,0.293,0.131,0.142,1.0,
SC,2010,412,0.251,0.093,0.11,0.278,0.131,0.138,1.0,
SD,2010,413,0.267,0.09,0.113,0.267,0.121,0.142,1.0,
TN,2010,414,0.251,0.088,0.116,0.284,0.127,0.135,1.0,
TX,2010,415,0.291,0.099,0.126,0.276,0.106,0.103,1.0,
UT,2010,416,0.333,0.111,0.145,0.234,0.088,0.09,1.0,
VT,2010,417,0.22,0.08,0.105,0.298,0.151,0.147,1.0,
VA,2010,418,0.249,0.09,0.119,0.294,0.124,0.124,1.0,
WA,2010,419,0.25,0.091,0.123,0.285,0.128,0.124,1.0,
WV,2010,420,0.223,0.084,0.106,0.279,0.147,0.162,1.0,
WI,2010,421,0.249,0.091,0.112,0.286,0.127,0.135,1.0,
WY,2010,422,0.259,0.094,0.121,0.272,0.131,0.124,1.0,
PR,2010,423,0.257,0.099,0.116,0.263,0.12,0.146,1.0,
AL,2015,425,0.243,0.09,0.115,0.261,0.134,0.158,1.0,
AK,2015,426,0.271,0.111,0.136,0.251,0.131,0.1,1.0,
AZ,2015,427,0.251,0.095,0.117,0.25,0.121,0.166,1.0,
AR,2015,428,0.25,0.09,0.116,0.256,0.128,0.159,1.0,
CA,2015,429,0.246,0.1,0.132,0.269,0.12,0.133,1.0,
CO,2015,430,0.245,0.093,0.136,0.268,0.128,0.131,1.0,
CT,2015,431,0.229,0.087,0.108,0.278,0.142,0.156,1.0,
DE,2015,432,0.231,0.09,0.115,0.258,0.138,0.169,1.0,
DC,2015,433,0.189,0.105,0.212,0.27,0.111,0.113,1.0,
FL,2015,434,0.215,0.086,0.112,0.259,0.133,0.196,1.0,
GA,2015,435,0.263,0.092,0.12,0.277,0.121,0.127,1.0,
HI,2015,436,0.233,0.089,0.125,0.252,0.131,0.17,1.0,
ID,2015,437,0.276,0.092,0.115,0.246,0.125,0.147,1.0,
IL,2015,438,0.243,0.094,0.124,0.27,0.129,0.141,1.0,
IN,2015,439,0.253,0.095,0.114,0.262,0.132,0.145,1.0,
IA,2015,440,0.246,0.092,0.116,0.252,0.136,0.158,1.0,
KS,2015,441,0.264,0.093,0.119,0.251,0.13,0.144,1.0,
KY,2015,442,0.242,0.09,0.112,0.267,0.136,0.152,1.0,
LA,2015,443,0.255,0.096,0.126,0.253,0.13,0.14,1.0,
ME,2015,444,0.2,0.08,0.1,0.269,0.161,0.19,1.0,
MD,2015,445,0.237,0.091,0.122,0.277,0.133,0.141,1.0,
MA,2015,446,0.218,0.091,0.125,0.275,0.138,0.153,1.0,
MI,2015,447,0.235,0.095,0.111,0.261,0.141,0.159,1.0,
MN,2015,448,0.246,0.085,0.125,0.265,0.135,0.144,1.0,
MS,2015,449,0.263,0.094,0.109,0.257,0.128,0.148,1.0,
MO,2015,450,0.243,0.093,0.116,0.257,0.136,0.155,1.0,
MT,2015,451,0.229,0.092,0.114,0.243,0.149,0.173,1.0,
NE,2015,452,0.264,0.094,0.119,0.249,0.129,0.146,1.0,
NV,2015,453,0.243,0.09,0.126,0.271,0.124,0.148,1.0,
NH,2015,454,0.213,0.083,0.105,0.279,0.157,0.163,1.0,
NJ,2015,455,0.237,0.086,0.114,0.282,0.134,0.148,1.0,
NM,2015,456,0.255,0.093,0.116,0.243,0.132,0.16,1.0,
NY,2015,457,0.225,0.095,0.13,0.271,0.131,0.149,1.0,
NC,2015,458,0.244,0.09,0.115,0.271,0.129,0.151,1.0,
ND,2015,459,0.246,0.108,0.136,0.24,0.129,0.141,1.0,
OH,2015,460,0.24,0.088,0.115,0.261,0.139,0.157,1.0,
OK,2015,461,0.263,0.091,0.123,0.249,0.127,0.147,1.0,
OR,2015,462,0.224,0.089,0.124,0.262,0.137,0.165,1.0,
PA,2015,463,0.224,0.086,0.115,0.261,0.143,0.17,1.0,
RI,2015,464,0.216,0.096,0.12,0.268,0.142,0.159,1.0,
SC,2015,465,0.236,0.094,0.112,0.26,0.135,0.164,1.0,
SD,2015,466,0.262,0.089,0.119,0.241,0.136,0.155,1.0,
TN,2015,467,0.241,0.091,0.116,0.266,0.132,0.154,1.0,
TX,2015,468,0.28,0.097,0.129,0.265,0.113,0.117,1.0,
UT,2015,469,0.321,0.11,0.131,0.239,0.095,0.103,1.0,
VT,2015,470,0.201,0.083,0.113,0.266,0.162,0.176,1.0,
VA,2015,471,0.241,0.09,0.121,0.274,0.13,0.144,1.0,
WA,2015,472,0.237,0.091,0.13,0.265,0.132,0.145,1.0,
WV,2015,473,0.216,0.086,0.104,0.262,0.149,0.183,1.0,
WI,2015,474,0.236,0.088,0.114,0.265,0.141,0.155,1.0,
WY,2015,475,0.256,0.092,0.123,0.244,0.142,0.142,1.0,
PR,2015,476,0.229,0.1,0.106,0.261,0.125,0.18,1.0,
AL,2023,478,0.235,0.087,0.113,0.252,0.13,0.184,1.0,
AK,2023,479,0.259,0.071,0.138,0.265,0.123,0.143,1.0,
AZ,2023,480,0.227,0.089,0.125,0.244,0.12,0.195,1.0,
AR,2023,481,0.243,0.087,0.116,0.25,0.125,0.179,1.0,
CA,2023,482,0.23,0.087,0.132,0.267,0.122,0.163,1.0,
CO,2023,483,0.219,0.086,0.143,0.273,0.117,0.162,1.0,
CT,2023,484,0.214,0.078,0.117,0.257,0.143,0.191,1.0,
DE,2023,485,0.219,0.077,0.107,0.241,0.14,0.216,1.0,
DC,2023,486,0.197,0.087,0.201,0.284,0.096,0.135,1.0,
FL,2023,487,0.205,0.076,0.112,0.252,0.136,0.218,1.0,
GA,2023,488,0.246,0.087,0.124,0.265,0.123,0.155,1.0,
HI,2023,489,0.221,0.071,0.109,0.253,0.128,0.218,1.0,
ID,2023,490,0.253,0.089,0.118,0.25,0.117,0.175,1.0,
IL,2023,491,0.229,0.085,0.122,0.261,0.128,0.175,1.0,
IN,2023,492,0.244,0.089,0.119,0.251,0.125,0.171,1.0,
IA,2023,493,0.24,0.088,0.113,0.248,0.128,0.184,1.0,
KS,2023,494,0.25,0.089,0.118,0.245,0.121,0.176,1.0,
KY,2023,495,0.236,0.087,0.118,0.251,0.131,0.177,1.0,
LA,2023,496,0.249,0.082,0.117,0.252,0.126,0.175,1.0,
ME,2023,497,0.184,0.071,0.112,0.253,0.152,0.228,1.0,
MD,2023,498,0.233,0.077,0.117,0.265,0.135,0.173,1.0,
MA,2023,499,0.205,0.083,0.128,0.26,0.138,0.186,1.0,
MI,2023,500,0.222,0.087,0.12,0.244,0.135,0.192,1.0,
MN,2023,501,0.237,0.084,0.118,0.257,0.128,0.176,1.0,
MS,2023,502,0.247,0.087,0.106,0.257,0.126,0.177,1.0,
MO,2023,503,0.233,0.085,0.119,0.249,0.13,0.183,1.0,
MT,2023,504,0.219,0.082,0.118,0.249,0.126,0.205,1.0,
NE,2023,505,0.257,0.091,0.116,0.246,0.119,0.172,1.0,
NV,2023,506,0.226,0.08,0.128,0.266,0.125,0.175,1.0,
NH,2023,507,0.191,0.075,0.115,0.256,0.157,0.206,1.0,
NJ,2023,508,0.229,0.077,0.116,0.265,0.135,0.177,1.0,
NM,2023,509,0.228,0.083,0.116,0.246,0.123,0.204,1.0,
NY,2023,510,0.212,0.081,0.129,0.257,0.135,0.186,1.0,
NC,2023,511,0.229,0.085,0.119,0.259,0.129,0.179,1.0,
ND,2023,512,0.245,0.095,0.132,0.241,0.114,0.172,1.0,
OH,2023,513,0.231,0.082,0.121,0.248,0.131,0.187,1.0,
OK,2023,514,0.256,0.091,0.119,0.249,0.117,0.168,1.0,
OR,2023,515,0.206,0.082,0.126,0.269,0.12,0.197,1.0,
PA,2023,516,0.216,0.078,0.117,0.251,0.137,0.201,1.0,
RI,2023,517,0.2,0.081,0.129,0.252,0.143,0.195,1.0,
SC,2023,518,0.226,0.08,0.113,0.251,0.134,0.195,1.0,
SD,2023,519,0.256,0.081,0.111,0.243,0.127,0.182,1.0,
TN,2023,520,0.231,0.084,0.125,0.256,0.128,0.176,1.0,
TX,2023,521,0.263,0.092,0.129,0.267,0.111,0.138,1.0,
UT,2023,522,0.29,0.111,0.134,0.252,0.092,0.122,1.0,
VT,2023,523,0.188,0.076,0.11,0.252,0.15,0.224,1.0,
VA,2023,524,0.232,0.081,0.12,0.263,0.13,0.175,1.0,
WA,2023,525,0.223,0.081,0.136,0.269,0.119,0.172,1.0,
WV,2023,526,0.212,0.083,0.104,0.248,0.137,0.217,1.0,
WI,2023,527,0.222,0.086,0.114,0.249,0.138,0.191,1.0,
WY,2023,528,0.238,0.076,0.12,0.249,0.126,0.191,1.0,
PR,2023,529,0.169,0.094,0.113,0.247,0.136,0.24,1.0,
AL,2019,531,0.237,0.087,0.115,0.251,0.135,0.175,1.0,
AK,2019,532,0.259,0.093,0.139,0.246,0.132,0.13,1.0,
AZ,2019,533,0.24,0.093,0.121,0.241,0.124,0.182,1.0,
AR,2019,534,0.247,0.087,0.115,0.248,0.131,0.173,1.0,
CA,2019,535,0.237,0.092,0.137,0.263,0.123,0.149,1.0,
CO,2019,536,0.231,0.089,0.141,0.265,0.126,0.148,1.0,
CT,2019,537,0.217,0.086,0.113,0.259,0.148,0.177,1.0,
DE,2019,538,0.218,0.081,0.118,0.242,0.144,0.197,1.0,
DC,2019,539,0.195,0.09,0.216,0.269,0.103,0.127,1.0,
FL,2019,540,0.209,0.08,0.114,0.249,0.137,0.211,1.0,
GA,2019,541,0.253,0.089,0.122,0.267,0.125,0.145,1.0,
HI,2019,542,0.228,0.072,0.116,0.255,0.132,0.197,1.0,
ID,2019,543,0.267,0.085,0.12,0.242,0.125,0.162,1.0,
IL,2019,544,0.237,0.087,0.126,0.258,0.132,0.16,1.0,
IN,2019,545,0.246,0.091,0.118,0.25,0.134,0.161,1.0,
IA,2019,546,0.244,0.089,0.114,0.243,0.136,0.174,1.0,
KS,2019,547,0.257,0.092,0.116,0.241,0.131,0.164,1.0,
KY,2019,548,0.237,0.089,0.114,0.254,0.137,0.17,1.0,
LA,2019,549,0.25,0.088,0.123,0.248,0.132,0.16,1.0,
ME,2019,550,0.19,0.075,0.11,0.252,0.16,0.213,1.0,
MD,2019,551,0.233,0.081,0.123,0.265,0.138,0.16,1.0,
MA,2019,552,0.209,0.087,0.132,0.26,0.141,0.171,1.0,
MI,2019,553,0.227,0.091,0.118,0.246,0.142,0.177,1.0,
MN,2019,554,0.243,0.082,0.125,0.252,0.137,0.162,1.0,
MS,2019,555,0.254,0.089,0.11,0.251,0.131,0.165,1.0,
MO,2019,556,0.236,0.085,0.121,0.246,0.139,0.172,1.0,
MT,2019,557,0.226,0.085,0.114,0.236,0.143,0.196,1.0,
NE,2019,558,0.26,0.088,0.122,0.24,0.129,0.162,1.0,
NV,2019,559,0.235,0.083,0.131,0.262,0.126,0.163,1.0,
NH,2019,560,0.201,0.078,0.115,0.258,0.163,0.186,1.0,
NJ,2019,561,0.23,0.082,0.117,0.267,0.139,0.165,1.0,
NM,2019,562,0.24,0.09,0.117,0.238,0.132,0.183,1.0,
NY,2019,563,0.217,0.086,0.134,0.257,0.136,0.169,1.0,
NC,2019,564,0.235,0.086,0.118,0.26,0.133,0.169,1.0,
ND,2019,565,0.245,0.102,0.137,0.232,0.128,0.156,1.0,
OH,2019,566,0.234,0.085,0.119,0.248,0.14,0.174,1.0,
OK,2019,567,0.256,0.091,0.123,0.242,0.127,0.16,1.0,
OR,2019,568,0.214,0.084,0.128,0.261,0.129,0.183,1.0,
PA,2019,569,0.219,0.079,0.123,0.248,0.145,0.187,1.0,
RI,2019,570,0.207,0.088,0.127,0.253,0.148,0.178,1.0,
SC,2019,571,0.23,0.082,0.116,0.249,0.138,0.184,1.0,
SD,2019,572,0.257,0.082,0.115,0.235,0.136,0.174,1.0,
TN,2019,573,0.235,0.086,0.124,0.254,0.134,0.167,1.0,
TX,2019,574,0.272,0.094,0.13,0.261,0.114,0.129,1.0,
UT,2019,575,0.308,0.109,0.132,0.242,0.095,0.115,1.0,
VT,2019,576,0.195,0.086,0.111,0.247,0.158,0.204,1.0,
VA,2019,577,0.234,0.084,0.12,0.265,0.135,0.163,1.0,
WA,2019,578,0.23,0.084,0.138,0.26,0.129,0.16,1.0,
WV,2019,579,0.212,0.081,0.105,0.251,0.146,0.205,1.0,
WI,2019,580,0.23,0.085,0.116,0.251,0.143,0.175,1.0,
WY,2019,581,0.251,0.083,0.117,0.242,0.135,0.172,1.0,
PR,2019,582,0.196,0.099,0.105,0.253,0.135,0.213,1.0,
AL,2018,584,0.237,0.088,0.117,0.251,0.136,0.171,1.0,
AK,2018,585,0.27,0.088,0.132,0.258,0.133,0.121,1.0,
AZ,2018,586,0.244,0.092,0.12,0.243,0.123,0.178,1.0,
AR,2018,587,0.249,0.087,0.118,0.247,0.13,0.167,1.0,
CA,2018,588,0.241,0.093,0.137,0.264,0.122,0.144,1.0,
CO,2018,589,0.238,0.089,0.139,0.265,0.126,0.143,1.0,
CT,2018,590,0.222,0.084,0.112,0.265,0.147,0.171,1.0,
DE,2018,591,0.22,0.082,0.117,0.249,0.143,0.19,1.0,
DC,2018,592,0.195,0.096,0.212,0.269,0.105,0.124,1.0,
FL,2018,593,0.211,0.081,0.115,0.251,0.136,0.206,1.0,
GA,2018,594,0.256,0.088,0.124,0.269,0.124,0.14,1.0,
HI,2018,595,0.23,0.073,0.124,0.251,0.132,0.191,1.0,
ID,2018,596,0.269,0.088,0.118,0.241,0.124,0.16,1.0,
IL,2018,597,0.238,0.089,0.124,0.261,0.133,0.155,1.0,
IN,2018,598,0.248,0.09,0.118,0.254,0.133,0.157,1.0,
IA,2018,599,0.247,0.089,0.115,0.245,0.135,0.169,1.0,
KS,2018,600,0.259,0.093,0.116,0.245,0.132,0.157,1.0,
KY,2018,601,0.237,0.09,0.116,0.256,0.137,0.165,1.0,
LA,2018,602,0.253,0.091,0.122,0.249,0.131,0.155,1.0,
ME,2018,603,0.193,0.072,0.108,0.256,0.165,0.206,1.0,
MD,2018,604,0.235,0.084,0.121,0.268,0.138,0.154,1.0,
MA,2018,605,0.212,0.087,0.131,0.263,0.141,0.166,1.0,
MI,2018,606,0.228,0.091,0.118,0.249,0.143,0.172,1.0,
MN,2018,607,0.244,0.084,0.125,0.255,0.137,0.156,1.0,
MS,2018,608,0.255,0.091,0.113,0.249,0.131,0.16,1.0,
MO,2018,609,0.237,0.088,0.12,0.248,0.139,0.169,1.0,
MT,2018,610,0.225,0.082,0.115,0.24,0.147,0.192,1.0,
NE,2018,611,0.261,0.087,0.12,0.246,0.13,0.156,1.0,
NV,2018,612,0.237,0.084,0.129,0.265,0.125,0.159,1.0,
NH,2018,613,0.203,0.081,0.112,0.261,0.162,0.181,1.0,
NJ,2018,614,0.232,0.083,0.115,0.271,0.138,0.161,1.0,
NM,2018,615,0.244,0.091,0.117,0.237,0.133,0.178,1.0,
NY,2018,616,0.22,0.087,0.134,0.26,0.135,0.164,1.0,
NC,2018,617,0.237,0.085,0.117,0.264,0.133,0.164,1.0,
ND,2018,618,0.242,0.108,0.136,0.233,0.132,0.15,1.0,
OH,2018,619,0.235,0.086,0.119,0.251,0.141,0.17,1.0,
OK,2018,620,0.259,0.087,0.126,0.244,0.127,0.157,1.0,
OR,2018,621,0.218,0.085,0.129,0.259,0.131,0.177,1.0,
PA,2018,622,0.22,0.083,0.119,0.252,0.145,0.182,1.0,
RI,2018,623,0.205,0.091,0.127,0.259,0.146,0.173,1.0,
SC,2018,624,0.234,0.086,0.113,0.252,0.137,0.179,1.0,
SD,2018,625,0.258,0.091,0.114,0.236,0.138,0.164,1.0,
TN,2018,626,0.237,0.087,0.12,0.26,0.134,0.163,1.0,
TX,2018,627,0.275,0.094,0.13,0.262,0.114,0.125,1.0,
UT,2018,628,0.311,0.109,0.13,0.244,0.096,0.111,1.0,
VT,2018,629,0.195,0.081,0.114,0.252,0.159,0.198,1.0,
VA,2018,630,0.236,0.086,0.122,0.265,0.133,0.158,1.0,
WA,2018,631,0.232,0.084,0.139,0.26,0.13,0.155,1.0,
WV,2018,632,0.213,0.082,0.105,0.253,0.146,0.201,1.0,
WI,2018,633,0.231,0.086,0.114,0.256,0.144,0.169,1.0,
WY,2018,634,0.243,0.083,0.121,0.244,0.141,0.169,1.0,
PR,2018,635,0.201,0.096,0.106,0.257,0.134,0.207,1.0,
AL,2014,637,0.243,0.094,0.113,0.263,0.133,0.154,1.0,
AK,2014,638,0.272,0.109,0.131,0.261,0.131,0.096,1.0,
AZ,2014,639,0.255,0.096,0.117,0.251,0.12,0.161,1.0,
AR,2014,640,0.256,0.089,0.115,0.258,0.127,0.156,1.0,
CA,2014,641,0.25,0.101,0.131,0.271,0.118,0.129,1.0,
CO,2014,642,0.247,0.094,0.133,0.271,0.127,0.128,1.0,
CT,2014,643,0.231,0.084,0.11,0.283,0.139,0.154,1.0,
DE,2014,644,0.234,0.093,0.112,0.261,0.137,0.164,1.0,
DC,2014,645,0.188,0.104,0.213,0.271,0.109,0.115,1.0,
FL,2014,646,0.217,0.088,0.111,0.261,0.131,0.192,1.0,
GA,2014,647,0.264,0.094,0.121,0.278,0.119,0.124,1.0,
HI,2014,648,0.233,0.087,0.126,0.256,0.132,0.167,1.0,
ID,2014,649,0.278,0.094,0.114,0.246,0.124,0.144,1.0,
IL,2014,650,0.246,0.093,0.124,0.272,0.128,0.137,1.0,
IN,2014,651,0.254,0.093,0.116,0.266,0.13,0.142,1.0,
IA,2014,652,0.248,0.09,0.116,0.255,0.134,0.156,1.0,
KS,2014,653,0.266,0.095,0.119,0.251,0.128,0.141,1.0,
KY,2014,654,0.243,0.091,0.113,0.271,0.134,0.148,1.0,
LA,2014,655,0.256,0.098,0.126,0.256,0.128,0.136,1.0,
ME,2014,656,0.204,0.079,0.102,0.274,0.16,0.182,1.0,
MD,2014,657,0.24,0.089,0.124,0.28,0.131,0.137,1.0,
MA,2014,658,0.221,0.092,0.123,0.279,0.135,0.15,1.0,
MI,2014,659,0.236,0.096,0.109,0.265,0.14,0.154,1.0,
MN,2014,660,0.247,0.087,0.127,0.266,0.133,0.14,1.0,
MS,2014,661,0.263,0.094,0.112,0.259,0.128,0.144,1.0,
MO,2014,662,0.243,0.091,0.12,0.261,0.133,0.152,1.0,
MT,2014,663,0.231,0.096,0.111,0.245,0.151,0.167,1.0,
NE,2014,664,0.266,0.089,0.122,0.252,0.128,0.143,1.0,
NV,2014,665,0.245,0.093,0.126,0.272,0.122,0.142,1.0,
NH,2014,666,0.217,0.085,0.103,0.286,0.153,0.157,1.0,
NJ,2014,667,0.239,0.085,0.114,0.285,0.131,0.145,1.0,
NM,2014,668,0.254,0.102,0.115,0.244,0.133,0.153,1.0,
NY,2014,669,0.227,0.095,0.129,0.274,0.129,0.146,1.0,
NC,2014,670,0.246,0.091,0.114,0.274,0.128,0.147,1.0,
ND,2014,671,0.241,0.118,0.134,0.238,0.13,0.14,1.0,
OH,2014,672,0.241,0.089,0.114,0.265,0.138,0.153,1.0,
OK,2014,673,0.26,0.097,0.122,0.253,0.124,0.145,1.0,
OR,2014,674,0.227,0.087,0.125,0.262,0.139,0.16,1.0,
PA,2014,675,0.225,0.087,0.116,0.265,0.142,0.166,1.0,
RI,2014,676,0.218,0.095,0.119,0.272,0.138,0.158,1.0,
SC,2014,677,0.24,0.091,0.114,0.263,0.134,0.159,1.0,
SD,2014,678,0.261,0.095,0.117,0.245,0.134,0.148,1.0,
TN,2014,679,0.242,0.093,0.115,0.268,0.132,0.15,1.0,
TX,2014,680,0.281,0.098,0.129,0.266,0.111,0.115,1.0,
UT,2014,681,0.324,0.108,0.135,0.237,0.096,0.101,1.0,
VT,2014,682,0.207,0.085,0.107,0.271,0.16,0.171,1.0,
VA,2014,683,0.242,0.092,0.122,0.276,0.129,0.14,1.0,
WA,2014,684,0.24,0.092,0.128,0.268,0.132,0.141,1.0,
WV,2014,685,0.217,0.087,0.106,0.262,0.149,0.179,1.0,
WI,2014,686,0.238,0.092,0.115,0.267,0.137,0.151,1.0,
WY,2014,687,0.248,0.093,0.129,0.253,0.143,0.135,1.0,
PR,2014,688,0.233,0.104,0.106,0.26,0.123,0.174,1.0,
AL,2013,690,0.248,0.094,0.113,0.265,0.131,0.149,1.0,
AK,2013,691,0.272,0.107,0.136,0.265,0.126,0.094,1.0,
AZ,2013,692,0.258,0.095,0.119,0.252,0.12,0.155,1.0,
AR,2013,693,0.255,0.089,0.118,0.259,0.127,0.153,1.0,
CA,2013,694,0.253,0.102,0.129,0.273,0.116,0.126,1.0,
CO,2013,695,0.251,0.095,0.13,0.275,0.127,0.123,1.0,
CT,2013,696,0.235,0.082,0.111,0.286,0.137,0.15,1.0,
DE,2013,697,0.235,0.087,0.117,0.271,0.133,0.158,1.0,
DC,2013,698,0.187,0.113,0.207,0.266,0.111,0.116,1.0,
FL,2013,699,0.219,0.089,0.109,0.265,0.131,0.187,1.0,
GA,2013,700,0.267,0.094,0.119,0.281,0.118,0.12,1.0,
HI,2013,701,0.236,0.09,0.121,0.258,0.133,0.162,1.0,
ID,2013,702,0.28,0.093,0.116,0.25,0.123,0.139,1.0,
IL,2013,703,0.248,0.094,0.125,0.275,0.125,0.133,1.0,
IN,2013,704,0.257,0.092,0.115,0.269,0.129,0.138,1.0,
IA,2013,705,0.25,0.091,0.115,0.258,0.134,0.152,1.0,
KS,2013,706,0.265,0.094,0.12,0.254,0.127,0.139,1.0,
KY,2013,707,0.245,0.092,0.114,0.272,0.133,0.144,1.0,
LA,2013,708,0.257,0.1,0.126,0.258,0.128,0.131,1.0,
ME,2013,709,0.206,0.08,0.1,0.28,0.158,0.176,1.0,
MD,2013,710,0.241,0.088,0.123,0.284,0.129,0.133,1.0,
MA,2013,711,0.223,0.091,0.122,0.283,0.133,0.148,1.0,
MI,2013,712,0.24,0.096,0.107,0.27,0.139,0.149,1.0,
MN,2013,713,0.249,0.087,0.125,0.271,0.131,0.138,1.0,
MS,2013,714,0.265,0.096,0.113,0.26,0.127,0.139,1.0,
MO,2013,715,0.244,0.093,0.119,0.264,0.131,0.149,1.0,
MT,2013,716,0.234,0.092,0.111,0.25,0.15,0.162,1.0,
NE,2013,717,0.264,0.093,0.123,0.254,0.127,0.14,1.0,
NV,2013,718,0.25,0.091,0.126,0.273,0.122,0.137,1.0,
NH,2013,719,0.219,0.082,0.104,0.293,0.15,0.152,1.0,
NJ,2013,720,0.242,0.084,0.114,0.289,0.128,0.143,1.0,
NM,2013,721,0.26,0.096,0.115,0.25,0.13,0.149,1.0,
NY,2013,722,0.229,0.096,0.128,0.277,0.128,0.143,1.0,
NC,2013,723,0.248,0.091,0.114,0.277,0.127,0.143,1.0,
ND,2013,724,0.236,0.124,0.122,0.246,0.132,0.14,1.0,
OH,2013,725,0.242,0.089,0.113,0.269,0.137,0.15,1.0,
OK,2013,726,0.262,0.096,0.122,0.255,0.123,0.141,1.0,
OR,2013,727,0.229,0.091,0.121,0.266,0.139,0.154,1.0,
PA,2013,728,0.226,0.089,0.112,0.27,0.14,0.163,1.0,
RI,2013,729,0.217,0.099,0.116,0.277,0.138,0.154,1.0,
SC,2013,730,0.242,0.094,0.112,0.266,0.133,0.153,1.0,
SD,2013,731,0.256,0.092,0.12,0.254,0.134,0.145,1.0,
TN,2013,732,0.244,0.092,0.116,0.272,0.131,0.146,1.0,
TX,2013,733,0.283,0.099,0.128,0.268,0.11,0.112,1.0,
UT,2013,734,0.326,0.11,0.137,0.237,0.093,0.098,1.0,
VT,2013,735,0.215,0.079,0.106,0.279,0.156,0.167,1.0,
VA,2013,736,0.243,0.09,0.122,0.281,0.128,0.136,1.0,
WA,2013,737,0.241,0.091,0.128,0.272,0.131,0.137,1.0,
WV,2013,738,0.217,0.087,0.106,0.267,0.151,0.173,1.0,
WI,2013,739,0.241,0.089,0.116,0.271,0.136,0.147,1.0,
WY,2013,740,0.251,0.097,0.131,0.248,0.14,0.133,1.0,
PR,2013,741,0.242,0.101,0.109,0.261,0.121,0.165,1.0,
AL,2011,743,0.251,0.094,0.112,0.274,0.129,0.14,1.0,
AK,2011,744,0.278,0.102,0.126,0.282,0.13,0.083,1.0,
AZ,2011,745,0.266,0.095,0.117,0.259,0.119,0.144,1.0,
AR,2011,746,0.257,0.089,0.117,0.266,0.127,0.145,1.0,
CA,2011,747,0.262,0.102,0.127,0.279,0.114,0.117,1.0,
CO,2011,748,0.254,0.094,0.13,0.285,0.125,0.112,1.0,
CT,2011,749,0.241,0.08,0.107,0.298,0.132,0.142,1.0,
DE,2011,750,0.243,0.087,0.114,0.278,0.13,0.148,1.0,
DC,2011,751,0.187,0.116,0.204,0.266,0.113,0.115,1.0,
FL,2011,752,0.224,0.09,0.107,0.272,0.13,0.177,1.0,
GA,2011,753,0.273,0.094,0.121,0.287,0.116,0.11,1.0,
HI,2011,754,0.24,0.085,0.119,0.27,0.136,0.152,1.0,
ID,2011,755,0.283,0.094,0.118,0.256,0.121,0.128,1.0,
IL,2011,756,0.256,0.092,0.124,0.28,0.121,0.126,1.0,
IN,2011,757,0.262,0.091,0.114,0.276,0.127,0.13,1.0,
IA,2011,758,0.251,0.089,0.119,0.264,0.131,0.147,1.0,
KS,2011,759,0.269,0.096,0.115,0.265,0.124,0.131,1.0,
KY,2011,760,0.25,0.088,0.116,0.28,0.131,0.135,1.0,
LA,2011,761,0.263,0.1,0.122,0.266,0.124,0.125,1.0,
ME,2011,762,0.214,0.076,0.1,0.293,0.153,0.163,1.0,
MD,2011,763,0.246,0.09,0.119,0.293,0.127,0.125,1.0,
MA,2011,764,0.23,0.089,0.117,0.294,0.131,0.138,1.0,
MI,2011,765,0.246,0.095,0.106,0.28,0.134,0.14,1.0,
MN,2011,766,0.254,0.088,0.123,0.28,0.125,0.129,1.0,
MS,2011,767,0.271,0.095,0.112,0.269,0.124,0.13,1.0,
MO,2011,768,0.25,0.09,0.118,0.273,0.129,0.141,1.0,
MT,2011,769,0.234,0.094,0.113,0.261,0.149,0.15,1.0,
NE,2011,770,0.264,0.096,0.117,0.265,0.125,0.134,1.0,
NV,2011,771,0.256,0.092,0.125,0.279,0.122,0.126,1.0,
NH,2011,772,0.227,0.082,0.099,0.308,0.145,0.139,1.0,
NJ,2011,773,0.246,0.083,0.113,0.298,0.125,0.136,1.0,
NM,2011,774,0.267,0.098,0.114,0.254,0.131,0.137,1.0,
NY,2011,775,0.234,0.097,0.125,0.285,0.125,0.135,1.0,
NC,2011,776,0.256,0.089,0.115,0.283,0.126,0.132,1.0,
ND,2011,777,0.237,0.115,0.12,0.254,0.131,0.142,1.0,
OH,2011,778,0.248,0.088,0.112,0.278,0.134,0.141,1.0,
OK,2011,779,0.266,0.092,0.12,0.262,0.124,0.137,1.0,
OR,2011,780,0.233,0.092,0.124,0.269,0.138,0.143,1.0,
PA,2011,781,0.232,0.088,0.108,0.282,0.136,0.155,1.0,
RI,2011,782,0.224,0.097,0.111,0.288,0.135,0.144,1.0,
SC,2011,783,0.248,0.093,0.11,0.273,0.134,0.141,1.0,
SD,2011,784,0.263,0.091,0.115,0.26,0.127,0.145,1.0,
TN,2011,785,0.247,0.09,0.117,0.279,0.131,0.137,1.0,
TX,2011,786,0.29,0.098,0.127,0.273,0.108,0.105,1.0,
UT,2011,787,0.33,0.111,0.142,0.233,0.092,0.092,1.0,
VT,2011,788,0.213,0.084,0.102,0.293,0.156,0.152,1.0,
VA,2011,789,0.247,0.091,0.12,0.289,0.127,0.126,1.0,
WA,2011,790,0.245,0.092,0.126,0.28,0.131,0.126,1.0,
WV,2011,791,0.22,0.088,0.105,0.275,0.15,0.162,1.0,
WI,2011,792,0.247,0.09,0.114,0.28,0.132,0.137,1.0,
WY,2011,793,0.251,0.094,0.127,0.262,0.14,0.126,1.0,
PR,2011,794,0.254,0.1,0.114,0.261,0.12,0.152,1.0,
